{"file_hashes":[{"block_hashes":["B70uI0MTpBwA5x9p8zU0LSKf3yTOnACbntqe+p0cRLQ="],"block_size":4096,"path":"background/config.js"},{"block_hashes":["hJJ7wFZJ2oc5tTIWMIRsQMU2HCjFJDuztw0pFm4jIM8="],"block_size":4096,"path":"background/index.js"},{"block_hashes":["iGuJsq+fGC6bnwZNuK4WI/bUZ9wBU4vi/xk3VudeBK8="],"block_size":4096,"path":"background/proxy.js"},{"block_hashes":["5F966f0KjCfuNh1ljL3jvbfu4r0tqVpMhXtiqmuyrWI="],"block_size":4096,"path":"background/wrapper.js"},{"block_hashes":["AMt4ST0ErBjCrJUuoT0EP0225PS7SBUTEWvk9eoCTpY="],"block_size":4096,"path":"content_scripts/copy.js"},{"block_hashes":["HYPi6+do5OKfziO4EDDp5hiNM+P5ckToUDwt0XkhqT0="],"block_size":4096,"path":"content_scripts/index.js"},{"block_hashes":["4SRjKFCeR+Jn51oMP4m3yUO20UbVPil/WusfYRweyrU="],"block_size":4096,"path":"content_scripts/proxy.js"},{"block_hashes":["DQo1qXBDpgjUuadaQG0JStS3V6kDSEUTbehEI9ui2Lw="],"block_size":4096,"path":"content_scripts/unlocker.js"}],"version":2}